{"cameraMode":{"drawMode":0,"name":"Shaded","section":"Shading Mode"},"sceneLighting":false,"audioPlay":false,"sceneViewState":{"m_AlwaysRefresh":false,"showFog":true,"showSkybox":false,"showFlares":true,"showImageEffects":true,"showParticleSystems":true,"showVisualEffectGraphs":true,"m_FxEnabled":true},"in2DMode":false,"pivot":{"x":13.504866600036621,"y":1.6682350635528565,"z":-4.962041854858398},"rotation":{"x":0.0751819759607315,"y":-0.25744491815567019,"z":0.020080234855413438,"w":0.9631481170654297},"size":0.8660253882408142,"orthographic":false}