{"cameraMode":{"drawMode":0,"name":"Shaded","section":"Shading Mode"},"sceneLighting":true,"audioPlay":false,"sceneViewState":{"m_AlwaysRefresh":false,"showFog":true,"showSkybox":true,"showFlares":true,"showImageEffects":true,"showParticleSystems":true,"showVisualEffectGraphs":true,"m_FxEnabled":true},"in2DMode":false,"pivot":{"x":-40.476192474365237,"y":27.79420280456543,"z":-12.033358573913575},"rotation":{"x":0.09974849224090576,"y":0.16929377615451814,"z":-0.01722867041826248,"w":0.9803556203842163},"size":12.12435531616211,"orthographic":false}