{"cameraMode":{"drawMode":0,"name":"Shaded","section":"Shading Mode"},"sceneLighting":false,"audioPlay":false,"sceneViewState":{"m_AlwaysRefresh":false,"showFog":true,"showSkybox":false,"showFlares":true,"showImageEffects":true,"showParticleSystems":true,"showVisualEffectGraphs":true,"m_FxEnabled":true},"in2DMode":false,"pivot":{"x":28.425447463989259,"y":4.075567722320557,"z":7.386797904968262},"rotation":{"x":0.00947885774075985,"y":0.9224419593811035,"z":0.022699514403939248,"w":-0.38534027338027956},"size":0.4697096645832062,"orthographic":false}